PhoolKumar, 172.17.38.147
IOU, 172.17.32.42
shanumanu97, 172.17.37.27
crime_master_gogo, 172.17.2.142
andhrudu007, 172.17.26.37
Tomberine, 172.17.2.21
Harvey.Specter., 172.17.42.121
Vivisgen1, 172.17.36.6
Blahhhh, 172.17.4.61
this_is_nick, 172.17.15.63
hola, 172.17.43.30
''iamthegod!, 172.17.41.14
BB, 172.17.33.36
chutiya_khargosh, 172.17.41.47
indori, 172.17.9.28
De-Geee, 172.17.28.46
abcdsef, 172.17.46.121
PilaniBlitz, 172.17.9.129
bunny, 172.17.32.17
PrasoonRaj, 172.17.34.13
maxsssss, 172.17.49.25
deadspace!!!, 172.17.2.77
mikey, 172.17.49.29
Octavarium, 172.17.43.45
CornField, 172.17.45.122
DELL123456, 172.17.12.110
katdunga, 172.17.27.64
roger, 172.17.40.45
Biscut, 172.17.17.10
coolshaggy3799110000, 172.17.24.3
The_Beatles, 172.17.2.15
HawkEye, 172.17.44.144
One_Giant_Marlin, 172.17.43.85
Re, 172.17.44.166
BigBahubali, 172.17.24.64
srk, 172.17.23.59
nm, 172.17.22.25
SJ27, 172.17.41.45221
B, 172.17.33.7
#47, 172.17.38.180
FizzingWhizzbee, 172.17.43.119
SardarKhan!!!!, 172.17.26.81
DhaniyaPatta, 172.17.4.104
Portgas.D.Ace, 172.17.44.157
Fenrir, 172.17.2.17
tffiklhvfyfkl, 172.17.6.24
eNvil1017, 172.17.9.96
Hell_yeah121, 172.17.44.73
Traitor, 172.17.43.77
vishyfollower, 172.17.43.67
Mr.Bing, 172.17.29.36
Say_My_Name, 172.17.42.219
Aman, 172.17.35.45
_.___._, 172.17.4.18
GGGg, 172.17.27.56
SfIrE, 172.17.25.12
Bhai, 172.17.23.53
XV, 172.17.2.54
Assassin, 172.17.9.62
kdogg, 172.17.29.106
BigBoy, 172.17.23.79
tablecloth, 172.17.2.92
pilaniboy, 172.17.39.111
Kulksition, 172.17.27.41
jacobi, 172.17.16.61
FerrousBueller, 172.17.32.73
L4@gg3[R], 172.17.9.148
silverbird, 172.17.32.2
asdfghj, 172.17.6.40
Rommee, 172.17.28.8
!!!)esi_Wolverine!!!, 172.17.2.45
naman19feb, 172.17.37.76
launda_cool, 172.17.9.67
GG, 172.17.12.87
AB, 172.17.34.48
Psst, 172.17.3.19
bobo, 172.17.22.87845478475
, 172.17.29.55
hejizz, 172.17.26.79
koolAID, 172.17.49.16
bhaiya_ek_butter_chicken, 172.17.16.91
ColHannibalSmith, 172.17.44.102
KuchBhi!!!!, 172.17.40.104
dj_waala_baabu1, 172.17.2.107
dj_waala_baabu, 172.17.2.107
fi2, 172.17.2.55
asdfasdf, 172.17.15.4
Kruger__1007, 172.17.38.240
white_nigger, 172.17.2.8
vishv, 172.17.29.52
rice80, 172.17.26.68
khajju, 172.17.43.130
RustCohle, 172.17.28.79
plmokn, 172.17.14.29
!)o0dl3r, 172.17.15.13
mr.blue_balls, 172.17.2.110
ohcaptainmycaptain, 172.17.14.100
cannibal, 172.17.27.11
Jet'aime........, 172.17.46.151
oggy2.0, 172.17.48.161
BlackstarMan13, 172.17.46.217
main_hoon_vikhona, 172.17.32.107
Lollipop, 172.17.46.244
dark_mare, 172.17.4.101
HungryHeart, 172.17.47.29
Mendoza, 172.17.28.23
Cole_Back, 172.17.16.33
WildQuill, 172.17.12.36
mojojojo, 172.17.23.63
VladmiringPutinia, 172.17.49.18
batman_ka_baap, 172.17.26.45
big_Daddy, 172.17.23.9
emma_watson452, 172.17.39.161
Atharv, 172.17.34.38
Captain_Levi, 172.17.45.58
raiden_reaper, 172.17.37.19
black_mamba, 172.17.41.8
hades, 172.17.42.10
PokerPro, 172.17.15.42
BiggaNigga, 172.17.22.36
lelouch, 172.17.48.72
French, 172.17.23.20
TanJ, 172.17.38.238
Garfield, 172.17.17.55
DeathlyHallows, 172.17.9.20
ZurEnArrh, 172.17.2.70
White_Walker1, 172.17.39.122
kutta_kaala, 172.17.40.66
rave, 172.17.36.28
lolzz, 172.17.14.36123456
a, 172.17.40.135
Deadpool, 172.17.32.86
EndsWithChai, 172.17.16.5246546
fjyfy, 172.17.43.143
IntenseAnime, 172.17.46.223
Pearson_Specter_Litt, 172.17.28.23000
, 172.17.17.23
mainduck_frog, 172.17.2.37
monkey_D_luffy, 172.17.14.64
chicken!!!, 172.17.48.65
hansolo, 172.17.2.22
harkaramapnakare, 172.17.3.51
dev, 172.17.25.139
Kothimbir, 172.17.26.32
zimbawee!!, 172.17.40.34
Scott-Summers, 172.17.43.52
SPARTANZZZZc, 172.17.45.33
Smaug, 172.17.23.76
el-nino, 172.17.15.6
D@rk_wiz@rd, 172.17.33.57
casanova, 172.17.38.234
Aeres_Is_Here, 172.17.9.69
MEET, 172.17.24.91
white-Wolf, 172.17.15.54
Sid8123, 172.17.24.7
novaken, 172.17.15.23
kfnklgdsbnk, 172.17.23.24
erasmus, 172.17.34.16
cutipie!!, 172.17.49.60
shrivastava, 172.17.24.58
tvsgvs, 172.17.14.58
SSD, 172.17.38.110
donuts_3, 172.17.2.151
RGOPAL, 172.17.47.43
John_Galt, 172.17.41.145
DunKyaBe!!!!!!!, 172.17.40.178
Mozaic_Zindel, 172.17.45.12
bad&mad, 172.17.45.192
introspection, 172.17.17.32
austin18, 172.17.17.241
sexbhidu, 172.17.2.44
ggg@444, 172.17.2.84
ruthless, 172.17.44.23
DexTer, 172.17.40.173
chandler_bing, 172.17.32.138
Phenom, 172.17.24.55
Hersheys, 172.17.6.29
RicardoKaka', 172.17.32.47
mr_peanutbutter, 172.17.40.3
rahulModi, 172.17.2.33
roronoa3zoro, 172.17.15.30
patlu, 172.18.6.76lustyleopard, 172.17.45.42
ganjika, 172.17.37.32
vodka, 172.17.41.147
KingKong, 172.17.43.9
Dr@CuL@, 172.17.2.113
Administrator, 172.18.10.102lifestyle, 172.17.11.128
ZEUS45000, 172.17.36.10
creampieguy420, 172.17.17.49
Rusty001, 172.17.23.86
noisyboy, 172.17.38.91
Saleem_Pheku, 172.17.14.5
kaka, 172.17.43.96
rust_cohle, 172.17.4.63
Kungfury, 172.17.14.90
PagalKutta, 172.17.16.78
psyfrog, 172.17.27.65
whysose, 172.17.38.200
MadMax, 172.17.40.17
nikk, 172.17.25.73
Brock_Conquerer, 172.17.42.178
whocares, 172.17.4.38
chotagamer, 172.17.2.10
Fucker, 172.17.23.68
BatWayne, 172.17.13.16
Specter=Respect, 172.17.9.139
harshwardhan, 172.17.35.9
Bossman_Bing, 172.17.29.42
bibliomaniac, 172.17.36.14
gottadoit, 172.17.48.23
inarenas, 172.17.26.14
Zahir, 172.17.13.15
JIHAD, 172.17.40.220
abcd321, 172.17.26.25
Bro, 172.17.32.39
david_backhamm, 172.17.9.93
rvgggggggggg, 172.17.29.65
Shahenshah, 172.17.25.86
Thisisred, 172.17.4.74
Mr.666, 172.17.45.195
illusions, 172.17.23.31
hunterr, 172.17.38.253
OptimusPrime, 172.17.13.19
BallsOfSteel, 172.17.35.2
SG8__3, 172.17.9.151
AdrenalineRush, 172.17.44.5
SkateFree, 172.17.9.150
theuchiha, 172.17.28.39
Var, 172.17.44.225
221B, 172.17.33.7
Dangerous_Devil, 172.17.39.87
Willy_Wonka, 172.17.46.130
RockGod, 172.17.43.112
7845478475, 172.17.29.55
Zegaman, 172.17.23.52
daudbhai, 172.17.22.3
MissChanenhdler_Bong__, 172.17.2.69
poha_jalebi, 172.17.39.173
JonSnow, 172.17.17.4
TheDude888, 172.17.9.42
sticky_fingers, 172.17.39.67
123456a, 172.17.40.135
46546fjyfy, 172.17.43.143
valarmorghulis, 172.17.43.46
000, 172.17.17.23
yokidal, 172.17.6.36
DonnaPaulsen, 172.17.16.96
thegr8one, 172.17.47.210
snipe_wolf, 172.17.40.129
Knight_Light, 172.17.43.21
Federer, 172.17.22.49
lustyleopard, 172.17.45.42
angel_lit, 172.17.22.61
lifestyle, 172.17.11.128
flash, 172.17.2.82
jaysh, 172.17.24.48
!Savitar!, 172.17.32.15
datguy, 172.17.44.7
thepolarbear, 172.17.42.65
TheFlash, 172.17.46.26
mjk56, 172.17.40.223
Hulk#er, 172.17.42.198
dododo, 172.17.28.33
20MiNuTeS!!!, 172.17.43.146
B@ld_B@ndit_bad-, 172.17.14.54
kthen, 172.17.44.199
unpredictably_irrational, 172.17.2.133
margot_jackman, 172.17.42.122
mechwala, 172.17.43.118
PP, 172.17.38.179
jackhammer, 172.17.48.105
neil, 172.17.32.37
MAK, 172.17.22.19
PPAP_awww, 172.17.26.4
ABC....., 172.17.44.139
Po, 172.17.15.25
claw, 172.17.43.111
_UMUL, 172.17.42.46
Babli_Badmash, 172.17.33.70
bajirao_ki_talwar, 172.17.22.13
monster, 172.17.45.49
r@salghul, 172.17.40.59
amazeMeRetro10, 172.17.23.17
Nobita, 172.17.42.59
D@vid_LetterMan, 172.17.23.30
thisislife, 172.17.14.46
varuni, 172.17.29.11
shaunthesheep, 172.17.33.63
red21, 172.17.29.2
Euphoria, 172.17.6.51
abhi@007, 172.17.42.188
crawscraw, 172.17.2.94
dawn_of_justice, 172.17.42.217
LIL_NIGGA, 172.17.2.86
Mewadi, 172.17.17.16
pasupathi, 172.17.46.28
HeisenBerg@, 172.17.42.6
Jugaadu, 172.17.28.82
DELL29, 172.17.42.115
Hunter47329, 172.17.16.25
AbhikliyeKuchbhi, 172.17.14.45
shift2159, 172.17.15.60
Bat.God, 172.17.2.42
conqueror, 172.17.45.73
Lord_Snow, 172.17.14.26
bugsbunny, 172.17.43.71
Jargoan, 172.17.38.69
the_M@gici@n, 172.17.29.102
StudBoy69!, 172.17.41.117
MOD~, 172.17.16.46
Hank, 172.17.24.36
drone, 172.17.29.63
mischiefmanaged, 172.17.27.26
__PhantoM__, 172.17.42.30
vasu, 172.17.32.57
Pikaachu, 172.17.14.73
Recovery, 172.17.14.99
PInkPAnda_123, 172.17.2.56
ToMaToJuICe, 172.17.29.20
haliax, 172.17.2.96
Tsunami, 172.17.25.105
keeda, 172.17.2.48
abcdefg, 172.17.42.253
Batrachian, 172.17.9.174
Krypton, 172.17.23.57
Darwin, 172.17.14.44
fiojhgf, 172.17.42.196
theone, 172.17.16.4
Naruto, 172.17.39.35
Wrath_Of_God, 172.17.37.59
Niki, 172.17.44.62
AreYouKiddingMe!!!!!!!!!!!!, 172.17.16.69
jijaji, 172.17.34.47
CR7_Federer, 172.17.15.46
youshallnotpass, 172.17.29.27
Tyrion_279!!!, 172.17.2.119
Lannister, 172.17.14.23
God_Father, 172.17.38.203
Roflcopter, 172.17.39.90
BruceWayne_imbatman, 172.17.9.155
OopsyDaisy, 172.17.26.36
CS_Waala, 172.17.46.144
M4sterB4ter, 172.17.46.192
GREEKG)H, 172.17.27.2
randomnick95, 172.17.6.14
FallenAngel, 172.17.27.92
Pelu_Mental, 172.17.28.51
jellybean, 172.17.42.101
Pavilion123, 172.17.41.137
Slayer21, 172.17.40.171
nik, 172.17.28.77
10911, 172.17.46.190
thats_what_she_said, 172.17.2.101
rockbottom, 172.17.42.191
Kefka, 172.17.16.79
Pilani_Hobo, 172.17.28.109
rv, 172.17.35.25
D@MIAN, 172.17.25.85
phoenix_hadowalker, 172.17.15.64
^!Crow!2^, 172.17.27.49
vivifier, 172.17.6.43
Ark, 172.17.39.14
optimus_prime, 172.17.34.70
Introvert, 172.17.33.146
Lenovo, 172.17.38.89
babumoshai, 172.17.28.81
Thucydides, 172.17.41.41
pekaboo, 172.17.27.33
space, 172.17.44.53
usa7kobe, 172.17.41.169
Hawkshaw, 172.17.40.148
TheRedDevil!!!!, 172.17.42.72
RamsayBolton, 172.17.39.154
Anupam, 172.17.25.98
cgpa, 172.17.9.115
kalamadan, 172.17.41.26
Ian, 172.17.8.126
thadi, 172.17.14.13
Rev@mped, 172.17.34.4
KingInTheNorth, 172.17.36.73
Minute, 172.17.3.29
carl_johnson, 172.17.45.1
bobby, 172.17.4.7
Dark__thoughts, 172.17.47.159
seed, 172.17.46.254
BlahBoy95, 172.17.15.35
RamRocker007, 172.17.12.12
kickass, 172.17.22.66
spacey, 172.17.8.42
hellie, 172.17.36.17
HORCRUX, 172.17.35.15
11, 172.17.35.42
lolqwer, 172.17.16.20
kojio, 172.18.6.125
Casper12, 172.17.27.29
saumensch, 172.17.2.23
qaz, 172.17.6.7
LeftHander, 172.17.2.63
mechanizeddevil, 172.17.29.100
nachos, 172.17.17.40
Shiro, 172.17.40.212
TheFierce, 172.17.34.37
Schrodinger., 172.17.49.131
Elementor, 172.17.23.52
Hootiya, 172.17.43.160
FallOfTrump, 172.17.32.22
sdsgdfd, 172.17.49.66
mmcd, 172.17.26.85
Zombie, 172.17.4.2
P@n@che, 172.17.16.13
Bhosadchintu, 172.17.2.35
Spock, 172.17.26.39
hOmOBakchodian, 172.17.44.57
cyberrunner, 172.17.38.55
captain, 172.17.37.67
ForzaFerrari, 172.17.40.169
